Title,positive,negative,neutral
Youtube Title,51.782274,29.720617,18.49711
Youtube Description,80.15414,11.271676,8.574181
Twitter,64.692995,23.98779,11.319215
Reddit,34.81153,33.037694,32.150776
